title,brand,price_RP,description,material,size,color,availability,url,img_url,scraped_at
nuna wavy pleats skirt white,Benang Hijab,139000,FREE SCRUNCHIE!!! Body fit wavy skirt pleats premium yang cantik manis bgt! Ukuran all size fit to S-XL. Plisket tegas dan tidak melintir Bukan barang abal-abal,Hyget super,All size,White,Belanja Sekarang,https://www.hijup.com/id/skirt/129169-nuna-wavy-pleats-skirt-white,https://storage.googleapis.com/hijup-production-sg-core/system/product_image/image/698706/big_WhatsApp_Image_2023-09-02_at_09.36.24__2_.jpeg,2024-12-31
nuna wavy pleats skirt cream,Benang Hijab,139000,FREE SCRUNCHIE!!! Body fit wavy skirt pleats premium yang cantik manis bgt! Ukuran all size fit to S-XL. Plisket tegas dan tidak melintir Bukan barang abal-abal,Hyget super,All size,Cream,Belanja Sekarang,https://www.hijup.com/id/skirt/129177-nuna-wavy-pleats-skirt-cream,https://storage.googleapis.com/hijup-production-sg-core/system/product_image/image/698784/big_WhatsApp_Image_2023-09-02_at_09.36.27__1_.jpeg,2024-12-31
nuna wavy pleats skirt lemon,Benang Hijab,139000,FREE SCRUNCHIE!!! Body fit wavy skirt pleats premium yang cantik manis bgt! Ukuran all size fit to S-XL. Plisket tegas dan tidak melintir Bukan barang abal-abal,Hyget super,All size,Lemon,Belanja Sekarang,https://www.hijup.com/id/skirt/129170-nuna-wavy-pleats-skirt-lemon,https://storage.googleapis.com/hijup-production-sg-core/system/product_image/image/698707/big_WhatsApp_Image_2023-09-02_at_09.36.29.jpeg,2024-12-31
bundling hemat 2 pcs soft cargo pants,LEZAHRASIGNATURE,349000,BUNDLING HEMAT 2 Pcs Soft Cargo Pants dari LEZAHRASIGNATURE. Koleksi Pants muslim terbaru dengan material yang nyaman dikenakan.,Soft Babyterry,XXL /2363CL,Random,Belanja Sekarang,https://www.hijup.com/id/pants/140897-bundling-hemat-2-pcs-soft-cargo-pants,https://storage.googleapis.com/hijup-production-sg-core/system/product_image/image/766044/big_2.jpg,2024-12-31
nuna wavy pleats skirt turkish,Benang Hijab,139000,FREE SCRUNCHIE!!! Body fit wavy skirt pleats premium yang cantik manis bgt! Ukuran all size fit to S-XL. Plisket tegas dan tidak melintir Bukan barang abal-abal,Hyget super,All size,Turkish,Belanja Sekarang,https://www.hijup.com/id/skirt/129168-nuna-wavy-pleats-skirt-turkish,https://storage.googleapis.com/hijup-production-sg-core/system/product_image/image/698705/big_WhatsApp_Image_2023-09-02_at_09.36.26.jpeg,2024-12-31
nia kulot celana highwaist basic,LEZAHRASIGNATURE,144500,Kulot Nia 2 dari LEZAHRASIGNATURE. Koleksi Pants muslim terbaru dengan material yang nyaman dikenakan.,Soft Babyterry,All Size/1926.VAL,Misty Grey,Belanja Sekarang,https://www.hijup.com/id/pants/137440-nia-kulot-celana-highwaist-basic,https://storage.googleapis.com/hijup-production-sg-core/system/product_image/image/745122/big_HJP_MSTY.jpg,2024-12-31
nuna wavy pleats skirt green,Benang Hijab,139000,FREE SCRUNCHIE!!! Body fit wavy skirt pleats premium yang cantik manis bgt! Ukuran all size fit to S-XL. Plisket tegas dan tidak melintir Bukan barang abal-abal,Hyget super,All size,Green,Belanja Sekarang,https://www.hijup.com/id/skirt/129178-nuna-wavy-pleats-skirt-green,https://storage.googleapis.com/hijup-production-sg-core/system/product_image/image/698785/big_WhatsApp_Image_2023-09-02_at_09.36.26__1_.jpeg,2024-12-31
nuna wavy pleats skirt coksu,Benang Hijab,139000,FREE SCRUNCHIE!!! Body fit wavy skirt pleats premium yang cantik manis bgt! Ukuran all size fit to S-XL. Plisket tegas dan tidak melintir Bukan barang abal-abal,Hyget super,All szie,Coksu,Belanja Sekarang,https://www.hijup.com/id/skirt/129179-nuna-wavy-pleats-skirt-coksu,https://storage.googleapis.com/hijup-production-sg-core/system/product_image/image/698786/big_WhatsApp_Image_2023-09-02_at_09.36.25__1_.jpeg,2024-12-31
aisyah jogger celana training olahraga,LEZAHRASIGNATURE,218900,Jogger Training Aisyah dari LEZAHRASIGNATURE. Koleksi Pants muslim terbaru dengan material yang nyaman dikenakan.,Soft Babyterry,XXL /2321.CL,Navy,Belanja Sekarang,https://www.hijup.com/id/pants/137442-aisyah-jogger-celana-training-olahraga,https://storage.googleapis.com/hijup-production-sg-core/system/product_image/image/745150/big_HJP_NVY.jpg,2024-12-31
maroon checkered pants,LEZAHRASIGNATURE,174900,Longpant Checkered Belt Maroon dari LEZAHRASIGNATURE. Koleksi Pants muslim terbaru dengan material yang nyaman dikenakan.,"Berat (dalam gram, max. 6000, 3-4 item Atasan berkisar 1 kg):",All Size /9955SRY,Maroon,Belanja Sekarang,https://www.hijup.com/id/pants/140839-maroon-checkered-pants,https://storage.googleapis.com/hijup-production-sg-core/system/product_image/image/765867/big_HJP_MRN4.jpg,2024-12-31
kami nely straight pants dark taupe,Kamiidea,569000,"Straight-cut pants to complete your look, featuring an adjustable waist and functional side pockets for practicality and style.

Celana berpotongan lurus untuk melengkapi penampilanmu, dilengkapi dengan bagian pinggang yang dapat disesuaikan serta saku samping fungsional untuk kenyamanan dan gaya.

- 1 color option only  (Dark Taupe)
- Opening with zipper on the front
- Made with poly linen material
- Wash in cold water
- Gentle wash using mild detergent
- Iron with medium setting to prevent burn or melt of fabric

- Tersedia dalam 1 warna (Dark Taupe)
- Dibuka dengan ritsleting pada bagian depan
- Dibuat menggunakan pencampuran bahan poliester dan linen
- Cuci menggunakan air dingin
- Cuci lembut menggunakan deterjen ringan
- Setrika dengan setelan sedang untuk mencegah kain hangus atau meleleh

- Model's height: 170 cm
- Model's bust : 81 cm
- Model's waist: 61 cm
- Model's hips: 89 cm
- Model is wearing medium size","Berat (dalam gram, max. 6000, 3-4 item Atasan berkisar 1 kg):",XL,Dark Taupe,Belanja Sekarang,https://www.hijup.com/id/pants/140905-kami-nely-straight-pants-dark-taupe,https://storage.googleapis.com/hijup-production-sg-core/system/product_image/image/766073/big__COVER__ISOLDE_APPAREL_NELY_STRAIGHT_PANTS_DARK_TAUPE_1.jpg,2024-12-31
kia pants celana panjang kantor bigsize,LEZAHRASIGNATURE,239000,Kia Pants (Celana Panjang Kantor Bigsize) dari LEZAHRASIGNATURE. Koleksi Pants muslim terbaru dengan material yang nyaman dikenakan.,Celana Panjang Basic,XL /066BYL,Coklat,Belanja Sekarang,https://www.hijup.com/id/pants/140816-kia-pants-celana-panjang-kantor-bigsize,https://storage.googleapis.com/hijup-production-sg-core/system/product_image/image/765819/big_IMG_1426.JPG,2024-12-31
arabel skirt rok denim susun 3 fit bb 43 75 kg,LEZAHRASIGNATURE,269000,Arabel Skirt (Rok Denim Susun 3) Fit BB 43-75 kg dari LEZAHRASIGNATURE. Koleksi Skirt muslim terbaru dengan material yang nyaman dikenakan.,Soft Denim 6.5 Oz,All Size/9122IN,Snow Blue,Belanja Sekarang,https://www.hijup.com/id/skirt/140490-arabel-skirt-rok-denim-susun-3-fit-bb-43-75-kg,https://storage.googleapis.com/hijup-production-sg-core/system/product_image/image/764324/big_HJP_SNWBLU1.jpg,2024-12-31
basic pleats skirt maroon,AMALA,46800,Basic Pleats Skirt Maroon dari AMALA. Koleksi Skirt muslim terbaru dengan material yang nyaman dikenakan.,Spandek,All Size,Maroon,Belanja Sekarang,https://www.hijup.com/id/skirt/128362-basic-pleats-skirt-maroon,https://storage.googleapis.com/hijup-production-sg-core/system/product_image/image/694410/big_315386.jpg,2024-12-31
mybamus mody stripe balloon skirt midi,Mybamus,99000,"Hello beauty! Simpan dulu celana jeans atau kulot andalanmu, saatnya kamu tampil manis dengan rok kerut yang satu ini! Detail look yang unik dan kekinian bisa memberi kesan feminin sekaligus trendi saat dikenakan. Detail motif stripe/ garis-garis adalah salah satu motif klasik yang timeless. Cocok buat kamu yang suka menggunakan outfit bermotif tapi tidak ingin terlalu ramai. Pilihlah atasan kemeja/blouse berwarna senada untuk tampilan yang matchy.Yuk check out sekarang!
","
- katun stripe material 
",All size,Black M18990 R32S5,Buy Now,https://www.hijup.com/en/skirt/139206-mybamus-mody-stripe-balloon-skirt-midi,https://storage.googleapis.com/hijup-production-sg-core/system/product_image/image/758227/big_c8b6983b-58c2-43eb-a4cb-a79f49c40921.jpg,2024-12-31
legging,HIJUP INFREENITY,95200,Lengkapi berbagai tampilan dengan koleksi Legging dari HIJUP INFREENITY. Legging dengan bahan stretchable yang nyaman untuk menemani setiap aktivitas.,- Bahan TENCEL™ super ringan dan elastis.,S,Beige,Belanja Sekarang,https://www.hijup.com/id/pants/56755-legging,https://storage.googleapis.com/hijup-production-sg-core/system/product_image/image/326166/big_6K4A7562.jpg,2024-12-31
maroon checkered pants,LEZAHRASIGNATURE,174900,Longpant Checkered Belt Maroon dari LEZAHRASIGNATURE. Koleksi Pants muslim terbaru dengan material yang nyaman dikenakan.,"Weight (in gram, max. 6000, 3-4 Tops is approximately 1 kg):",All Size /9955SRY,Maroon,Buy Now,https://www.hijup.com/en/pants/140839-maroon-checkered-pants,https://storage.googleapis.com/hijup-production-sg-core/system/product_image/image/765867/big_HJP_MRN4.jpg,2024-12-31
kia pants celana panjang kantor bigsize,LEZAHRASIGNATURE,239000,Kia Pants (Celana Panjang Kantor Bigsize) dari LEZAHRASIGNATURE. Koleksi Pants muslim terbaru dengan material yang nyaman dikenakan.,Celana Panjang Basic,XL /066BYL,Coklat,Buy Now,https://www.hijup.com/en/pants/140816-kia-pants-celana-panjang-kantor-bigsize,https://storage.googleapis.com/hijup-production-sg-core/system/product_image/image/765819/big_IMG_1426.JPG,2024-12-31
arabel skirt rok denim susun 3 fit bb 43 75 kg,LEZAHRASIGNATURE,269000,Arabel Skirt (Rok Denim Susun 3) Fit BB 43-75 kg dari LEZAHRASIGNATURE. Koleksi Skirt muslim terbaru dengan material yang nyaman dikenakan.,Soft Denim 6.5 Oz,All Size/9122IN,Snow Blue,Buy Now,https://www.hijup.com/en/skirt/140490-arabel-skirt-rok-denim-susun-3-fit-bb-43-75-kg,https://storage.googleapis.com/hijup-production-sg-core/system/product_image/image/764324/big_HJP_SNWBLU1.jpg,2024-12-31
aisyah jogger celana training olahraga,LEZAHRASIGNATURE,218900,Jogger Training Aisyah dari LEZAHRASIGNATURE. Koleksi Pants muslim terbaru dengan material yang nyaman dikenakan.,Soft Babyterry,XXL /2321.CL,Navy,Buy Now,https://www.hijup.com/en/pants/137442-aisyah-jogger-celana-training-olahraga,https://storage.googleapis.com/hijup-production-sg-core/system/product_image/image/745150/big_HJP_NVY.jpg,2024-12-31
legging,HIJUP INFREENITY,95200,Lengkapi berbagai tampilan dengan koleksi Legging dari HIJUP INFREENITY. Legging dengan bahan stretchable yang nyaman untuk menemani setiap aktivitas.,- Bahan TENCEL™ super ringan dan elastis.,S,Beige,Buy Now,https://www.hijup.com/en/pants/56755-legging,https://storage.googleapis.com/hijup-production-sg-core/system/product_image/image/326166/big_6K4A7562.jpg,2024-12-31
basic pleats skirt maroon,AMALA,46800,Basic Pleats Skirt Maroon dari AMALA. Koleksi Skirt muslim terbaru dengan material yang nyaman dikenakan.,Spandek,All Size,Maroon,Buy Now,https://www.hijup.com/en/skirt/128362-basic-pleats-skirt-maroon,https://storage.googleapis.com/hijup-production-sg-core/system/product_image/image/694410/big_315386.jpg,2024-12-31
nia kulot celana highwaist basic,LEZAHRASIGNATURE,144500,Kulot Nia 2 dari LEZAHRASIGNATURE. Koleksi Pants muslim terbaru dengan material yang nyaman dikenakan.,Soft Babyterry,All Size/1926.VAL,Misty Grey,Buy Now,https://www.hijup.com/en/pants/137440-nia-kulot-celana-highwaist-basic,https://storage.googleapis.com/hijup-production-sg-core/system/product_image/image/745122/big_HJP_MSTY.jpg,2024-12-31
bundling hemat 2 pcs soft cargo pants,LEZAHRASIGNATURE,349000,BUNDLING HEMAT 2 Pcs Soft Cargo Pants dari LEZAHRASIGNATURE. Koleksi Pants muslim terbaru dengan material yang nyaman dikenakan.,Soft Babyterry,XXL /2363CL,Random,Buy Now,https://www.hijup.com/en/pants/140897-bundling-hemat-2-pcs-soft-cargo-pants,https://storage.googleapis.com/hijup-production-sg-core/system/product_image/image/766044/big_2.jpg,2024-12-31
nuna wavy pleats skirt green,Benang Hijab,139000,FREE SCRUNCHIE!!! Body fit wavy skirt pleats premium yang cantik manis bgt! Ukuran all size fit to S-XL. Plisket tegas dan tidak melintir Bukan barang abal-abal,Hyget super,All size,Green,Buy Now,https://www.hijup.com/en/skirt/129178-nuna-wavy-pleats-skirt-green,https://storage.googleapis.com/hijup-production-sg-core/system/product_image/image/698785/big_WhatsApp_Image_2023-09-02_at_09.36.26__1_.jpeg,2024-12-31
nuna wavy pleats skirt white,Benang Hijab,139000,FREE SCRUNCHIE!!! Body fit wavy skirt pleats premium yang cantik manis bgt! Ukuran all size fit to S-XL. Plisket tegas dan tidak melintir Bukan barang abal-abal,Hyget super,All size,White,Buy Now,https://www.hijup.com/en/skirt/129169-nuna-wavy-pleats-skirt-white,https://storage.googleapis.com/hijup-production-sg-core/system/product_image/image/698706/big_WhatsApp_Image_2023-09-02_at_09.36.24__2_.jpeg,2024-12-31
nuna wavy pleats skirt turkish,Benang Hijab,139000,FREE SCRUNCHIE!!! Body fit wavy skirt pleats premium yang cantik manis bgt! Ukuran all size fit to S-XL. Plisket tegas dan tidak melintir Bukan barang abal-abal,Hyget super,All size,Turkish,Buy Now,https://www.hijup.com/en/skirt/129168-nuna-wavy-pleats-skirt-turkish,https://storage.googleapis.com/hijup-production-sg-core/system/product_image/image/698705/big_WhatsApp_Image_2023-09-02_at_09.36.26.jpeg,2024-12-31
nuna wavy pleats skirt cream,Benang Hijab,139000,FREE SCRUNCHIE!!! Body fit wavy skirt pleats premium yang cantik manis bgt! Ukuran all size fit to S-XL. Plisket tegas dan tidak melintir Bukan barang abal-abal,Hyget super,All size,Cream,Buy Now,https://www.hijup.com/en/skirt/129177-nuna-wavy-pleats-skirt-cream,https://storage.googleapis.com/hijup-production-sg-core/system/product_image/image/698784/big_WhatsApp_Image_2023-09-02_at_09.36.27__1_.jpeg,2024-12-31
kami nely straight pants dark taupe,Kamiidea,569000,"Straight-cut pants to complete your look, featuring an adjustable waist and functional side pockets for practicality and style.

Celana berpotongan lurus untuk melengkapi penampilanmu, dilengkapi dengan bagian pinggang yang dapat disesuaikan serta saku samping fungsional untuk kenyamanan dan gaya.

- 1 color option only  (Dark Taupe)
- Opening with zipper on the front
- Made with poly linen material
- Wash in cold water
- Gentle wash using mild detergent
- Iron with medium setting to prevent burn or melt of fabric

- Tersedia dalam 1 warna (Dark Taupe)
- Dibuka dengan ritsleting pada bagian depan
- Dibuat menggunakan pencampuran bahan poliester dan linen
- Cuci menggunakan air dingin
- Cuci lembut menggunakan deterjen ringan
- Setrika dengan setelan sedang untuk mencegah kain hangus atau meleleh

- Model's height: 170 cm
- Model's bust : 81 cm
- Model's waist: 61 cm
- Model's hips: 89 cm
- Model is wearing medium size","Weight (in gram, max. 6000, 3-4 Tops is approximately 1 kg):",XL,Dark Taupe,Buy Now,https://www.hijup.com/en/pants/140905-kami-nely-straight-pants-dark-taupe,https://storage.googleapis.com/hijup-production-sg-core/system/product_image/image/766073/big__COVER__ISOLDE_APPAREL_NELY_STRAIGHT_PANTS_DARK_TAUPE_1.jpg,2024-12-31
nuna wavy pleats skirt coksu,Benang Hijab,139000,FREE SCRUNCHIE!!! Body fit wavy skirt pleats premium yang cantik manis bgt! Ukuran all size fit to S-XL. Plisket tegas dan tidak melintir Bukan barang abal-abal,Hyget super,All szie,Coksu,Buy Now,https://www.hijup.com/en/skirt/129179-nuna-wavy-pleats-skirt-coksu,https://storage.googleapis.com/hijup-production-sg-core/system/product_image/image/698786/big_WhatsApp_Image_2023-09-02_at_09.36.25__1_.jpeg,2024-12-31
basic pleats skirt lavender,AMALA,46800,Basic Pleats Skirt Lavender dari AMALA. Koleksi Skirt muslim terbaru dengan material yang nyaman dikenakan.,Spandek,All Size,Lavender,Buy Now,https://www.hijup.com/en/skirt/128360-basic-pleats-skirt-lavender,https://storage.googleapis.com/hijup-production-sg-core/system/product_image/image/694414/big_315384.jpg,2024-12-31
kimi button skirt milo,Benang Hijab,179000,Tampil cantik dengan mengenakan rok linen premium ini! Memiliki model simpel dengan detail kancing. Padankan dengan atasan warna netral favoritmu!,Premium Linen,All size,Milo,Buy Now,https://www.hijup.com/en/skirt/89540-kimi-button-skirt-milo,https://storage.googleapis.com/hijup-production-sg-core/system/product_image/image/482918/big_WhatsApp_Image_2022-01-31_at_23.31.21.jpeg,2024-12-31
aera skirt,Bellissima,153540,Aera Skirt dari Bellissima. Koleksi Skirt muslim terbaru dengan material yang nyaman dikenakan.,Cotton stretch,All Size,Red,Buy Now,https://www.hijup.com/en/skirt/94518-aera-skirt,https://storage.googleapis.com/hijup-production-sg-core/system/product_image/image/516870/big_233096.jpg,2024-12-31
kimi button skirt white,Benang Hijab,179000,Tampil cantik dengan mengenakan rok linen premium ini! Memiliki model simpel dengan detail kancing. Padankan dengan atasan warna netral favoritmu!,Premium Linen,All size,White,Buy Now,https://www.hijup.com/en/skirt/89539-kimi-button-skirt-white,https://storage.googleapis.com/hijup-production-sg-core/system/product_image/image/482915/big_WhatsApp_Image_2022-01-31_at_23.31.22__1_.jpeg,2024-12-31
raiqa skirt silkrem,Benang Hijab,189000,"Kenalin, namanya R A I Q A.
Basic #skirt dengan model seperti rok lilit, akan membuat kamu bebas bergerak beraktivitas.

Tampak depan seperti rok lilit, tapi ini sudah dijahit bestie jadi gak perlu ribet ngelilit, praktis! Tampak belakang seperti celana, etapi ini rok hihi. Selucu itu.

R A I Q A dapat menemani kamu di semua akativitas sehari hari seperti kuliah, kerja, maupun ke acara pesta bahkan hangout sama temen!",Cey Crinkle Airflow,All Size,Silkrem,Buy Now,https://www.hijup.com/en/skirt/109593-raiqa-skirt-silkrem,https://storage.googleapis.com/hijup-production-sg-core/system/product_image/image/597973/big_IMG_4932.jpg,2024-12-31
raiqa skirt black,Benang Hijab,189000,"Kenalin, namanya R A I Q A.
Basic #skirt dengan model seperti rok lilit, akan membuat kamu bebas bergerak beraktivitas.

Tampak depan seperti rok lilit, tapi ini sudah dijahit bestie jadi gak perlu ribet ngelilit, praktis! Tampak belakang seperti celana, etapi ini rok hihi. Selucu itu.

R A I Q A dapat menemani kamu di semua akativitas sehari hari seperti kuliah, kerja, maupun ke acara pesta bahkan hangout sama temen!",Cey Crinkle Airflow,All Size,Black,Buy Now,https://www.hijup.com/en/skirt/109595-raiqa-skirt-black,https://storage.googleapis.com/hijup-production-sg-core/system/product_image/image/597987/big_IMG_4932.jpg,2024-12-31
nuna wavy pleats skirt lemon,Benang Hijab,139000,FREE SCRUNCHIE!!! Body fit wavy skirt pleats premium yang cantik manis bgt! Ukuran all size fit to S-XL. Plisket tegas dan tidak melintir Bukan barang abal-abal,Hyget super,All size,Lemon,Buy Now,https://www.hijup.com/en/skirt/129170-nuna-wavy-pleats-skirt-lemon,https://storage.googleapis.com/hijup-production-sg-core/system/product_image/image/698707/big_WhatsApp_Image_2023-09-02_at_09.36.29.jpeg,2024-12-31
basic skirt legging,HIJUP ACTIVE,103950,Basic Skirt Legging dari HIJUP ACTIVE.,- Celana.,S/M,Mocca,Buy Now,https://www.hijup.com/en/pants/79144-basic-skirt-legging,https://storage.googleapis.com/hijup-production-sg-core/system/product_image/image/430391/big_196946.JPG,2024-12-31
basic pleats cullote mauve,AMALA,54000,Basic Pleats Cullote Mauve dari AMALA. Koleksi Pants muslim terbaru dengan material yang nyaman dikenakan.,Spandek,All Size,Mauve,Buy Now,https://www.hijup.com/en/pants/128371-basic-pleats-cullote-mauve,https://storage.googleapis.com/hijup-production-sg-core/system/product_image/image/694384/big_315395.jpg,2024-12-31
lenka pant olive,Bellissima,130000,Lenka Pant Olive dari Bellissima. Koleksi Pants muslim terbaru dengan material yang nyaman dikenakan.,Katun,All Size,Olive,Buy Now,https://www.hijup.com/en/pants/87481-lenka-pant-olive,https://storage.googleapis.com/hijup-production-sg-core/system/product_image/image/476297/big_216735.jpg,2024-12-31
high waist knit pants,HIJUP BASIC,113400,High Waist Knit Pants dari HIJUP BASIC. Koleksi Pants muslim terbaru dengan material yang nyaman dikenakan.,Knit,All Size,Jade Green,Buy Now,https://www.hijup.com/en/pants/110602-high-waist-knit-pants,https://storage.googleapis.com/hijup-production-sg-core/system/product_image/image/611599/big_v1-586-110602-186317-25085-46-272641.jpg,2024-12-31
daily wudhu legging,HIJUP BASIC,51620,Daily Wudhu Legging dari HIJUP BASIC. Koleksi Pants muslim terbaru dengan material yang nyaman dikenakan.,Rayon spandex,All Size,Navy,Buy Now,https://www.hijup.com/en/pants/114550-daily-wudhu-legging,https://storage.googleapis.com/hijup-production-sg-core/system/product_image/image/641748/big_big_v1-586-84797-171363-24762-46-245051.jpg,2024-12-31
long skirt plisket alya navy,LEZAHRASIGNATURE,199000,Lengkapi koleksi rok plisket dengan detail mini pleats potongan rok lebar plisket yang akan buat kamu tampil lebih anggun.,- Rok panjang plisket.,,Navy,Buy Now,https://www.hijup.com/en/skirt/88257-long-skirt-plisket-alya-navy,https://storage.googleapis.com/hijup-production-sg-core/system/product_image/image/476738/big_hjp_NVY.jpg,2024-12-31
basic pleats cullote army,AMALA,46800,Basic Pleats Cullote Army dari AMALA. Koleksi Pants muslim terbaru dengan material yang nyaman dikenakan.,Spandek,All Size,Army,Buy Now,https://www.hijup.com/en/pants/126483-basic-pleats-cullote-army,https://storage.googleapis.com/hijup-production-sg-core/system/product_image/image/687457/big_310652.jpg,2024-12-31
timia skirt moss green,RiaMiranda,900000,Timia Skirt Moss Green dari RiaMiranda. Koleksi Skirt muslim terbaru dengan material yang nyaman dikenakan.,satin dove,,Moss Green,Buy Now,https://www.hijup.com/en/skirt/116332-timia-skirt-moss-green,https://storage.googleapis.com/hijup-production-sg-core/system/product_image/image/639049/big_N5D_3275_web.jpg,2024-12-31
bundle 2 pcs long skirt plisket ruffle 02,LEZAHRASIGNATURE,738000,Long Skirt Plisket Ruffle Beige dari LEZAHRASIGNATURE. Koleksi Skirt muslim terbaru dengan material yang nyaman dikenakan.,Suede,,"Cream, Black",Buy Now,https://www.hijup.com/en/skirt/91666-bundle-2-pcs-long-skirt-plisket-ruffle-02,https://storage.googleapis.com/hijup-production-sg-core/system/product_image/image/611946/big_WhatsApp_Image_2022-10-11_at_11.52.00__1_.jpeg,2024-12-31
bundle 2 pcs long skirt plisket ruffle 01,LEZAHRASIGNATURE,738000,BUNDLE 2 Pcs Long Skirt Plisket Ruffle dari LEZAHRASIGNATURE. Koleksi Skirt muslim terbaru dengan material yang nyaman dikenakan.,- Bahan nyaman dan ringan.,,"Black, Light Grey",Buy Now,https://www.hijup.com/en/skirt/105282-bundle-2-pcs-long-skirt-plisket-ruffle-01,https://storage.googleapis.com/hijup-production-sg-core/system/product_image/image/571082/big_ZL_BLK.jpg,2024-12-31
kami satin pleated skirt plain ice blue,Kamiidea,779000,"Pleats skirt made of satin with elastic waistband and embossed K. signature logo.

Rok lipit berbahan satin dengan karet pinggang elastis dan logo signature K.

- 6 color options
- Opening with elastic band
- Wash in cold water to help prevent shrinkage 
- Hand wash is a must
- Wash in heat can cause damage to the fibers of the fabric
- Hang to dry
- Made with satin material

- 6 pilihan warna
- Pembukaan dengan karet pinggang
- Cuci dengan air dingin untuk membantu mencegah penyusutan
- Lebih baik dicuci menggunakan tangan
- Cuci dengan air panas dapat menyebabkan kerusakan pada serat-serat kain
- Jemur untuk mengeringkan
- Dibuat menggunakan bahan satin","Weight (in gram, max. 6000, 3-4 Tops is approximately 1 kg):",,Ice Blue,Buy Now,https://www.hijup.com/en/skirt/114729-kami-satin-pleated-skirt-plain-ice-blue,https://storage.googleapis.com/hijup-production-sg-core/system/product_image/image/728207/big_PLEATED_SKIRT_ICY_BLUE_PLAIN_1.jpg,2024-12-31
mybamus pita ruffle skirt rok umpak rok muslim wanita rok coquette panjang kekinian,Mybamus,96000,"Hello beauty! Buat kamu yang suka dengan model rok ruffle, pita skirt bisa menjadi pilihan. Rok ini dihiasi dengan variasi tali pita di bagian bawah yang terbilang cukup unik dan memberikan kesan gaya feminim. Padukan dengan blouse atau kemeja favoritmu untuk tampilan yang memukau!
","
- lady crush mix vintage knit material	
",All size,White M18801 R79S5,Buy Now,https://www.hijup.com/en/skirt/137706-mybamus-pita-ruffle-skirt-rok-umpak-rok-muslim-wanita-rok-coquette-panjang-kekinian,https://storage.googleapis.com/hijup-production-sg-core/system/product_image/image/747341/big_2.jpg,2024-12-31
rok sporty kargo babyterry,LEZAHRASIGNATURE,189450,Rok Sporty Kargo  dari LEZAHRASIGNATURE. Koleksi Skirt muslim terbaru dengan material yang nyaman dikenakan.,Soft Babyterry,XL /2377CL,Mint - Lis Garis,Buy Now,https://www.hijup.com/en/skirt/139586-rok-sporty-kargo-babyterry,https://storage.googleapis.com/hijup-production-sg-core/system/product_image/image/761271/big_HJP_MNT.jpg,2024-12-31
estelle textured skirt,May Vintage,235000,"Skirt monokrom warna nude dengan potongan A dan furing di bagian dalam.

Bahannya bertekstur unik dengan aksen tule di bagian bawah. 

Skirt ini terlihat elegan dengan potongan simple dan cocok digunakan untuk santai atau sebagai busana kerja.

Bagian belakang skirt ada resleting dan kancing sehingga lebih mudah pemakaiannya.



Material : Katun Crush Lady Sena

bahan memiliki tekstur, lembut, ringan, tidak gerah digunakan.



Size : M / L/ XL

Lingkar Pinggang : 86 cm / 95 / 105 cm

Panjang 96 cm



Info : Model mengenakan size M tinggi 172 cm



*Terdapat perbedaan warna disebabkan oleh kamera, cahaya matahari dan display layar monitor",Material : Katun Crush Lady Sena,,Coklat Susu,Buy Now,https://www.hijup.com/en/skirt/116139-estelle-textured-skirt,https://storage.googleapis.com/hijup-production-sg-core/system/product_image/image/637875/big_Estelle_textured_skirt__9_.jpg,2024-12-31
rok denim kargo biru muda,LEZAHRASIGNATURE,239000,Rok Denim Kargo  dari LEZAHRASIGNATURE. Koleksi Skirt muslim terbaru dengan material yang nyaman dikenakan.,- Rok Panjang Kargo Denim,All Size/9045.IN,Light Blue,Buy Now,https://www.hijup.com/en/skirt/130537-rok-denim-kargo-biru-muda,https://storage.googleapis.com/hijup-production-sg-core/system/product_image/image/706927/big_HJP_LB6.jpg,2024-12-31
rok katun ayana bawahan basic muslim wanita,LEZAHRASIGNATURE,179900,Long Skirt Ayana dari LEZAHRASIGNATURE. Koleksi Skirt muslim terbaru dengan material yang nyaman dikenakan.,Katun Rayon,XL /411.BYL,Brown,Buy Now,https://www.hijup.com/en/skirt/109640-rok-katun-ayana-bawahan-basic-muslim-wanita,https://storage.googleapis.com/hijup-production-sg-core/system/product_image/image/766180/big_ROK_KATUN_AYANA_BRW.jpg,2024-12-31
flare denim skirt rok panjang a line,LEZAHRASIGNATURE,239000,Flare Denim Skirt dari LEZAHRASIGNATURE. Koleksi Skirt muslim terbaru dengan material yang nyaman dikenakan.,Soft Denim,All Size/9107.IN,Biru Muda,Buy Now,https://www.hijup.com/en/skirt/139115-flare-denim-skirt-rok-panjang-a-line,https://storage.googleapis.com/hijup-production-sg-core/system/product_image/image/757746/big_HJP_LB.jpg,2024-12-31
tina denim skirt rok basic a line,LEZAHRASIGNATURE,239000,Tina Denim Skirt 2 dari LEZAHRASIGNATURE. Koleksi Skirt muslim terbaru dengan material yang nyaman dikenakan.,Soft Denim,All Size/1161.HA,Light Blue,Buy Now,https://www.hijup.com/en/skirt/136067-tina-denim-skirt-rok-basic-a-line,https://storage.googleapis.com/hijup-production-sg-core/system/product_image/image/737539/big_HJP_LB.jpg,2024-12-31
belinda skirt navy rok plisket span,LEZAHRASIGNATURE,99000,Long Skirt Plisket Belinda Navy dari Zahra Signature Official. Koleksi Skirt muslim terbaru dengan material yang nyaman dikenakan.,Poliester,All Size /7659.BN,Navy,Buy Now,https://www.hijup.com/en/skirt/87826-belinda-skirt-navy-rok-plisket-span,https://storage.googleapis.com/hijup-production-sg-core/system/product_image/image/753823/big_IG_HIJUP_NAVY2.jpg,2024-12-31
rok basic sheva bawahan muslim wanita bawah payung office wear,LEZAHRASIGNATURE,239000,Long Skirt Sheva dari LEZAHRASIGNATURE. Koleksi Skirt muslim terbaru dengan material yang nyaman dikenakan.,- Rok panjang lebar (a-line),All Size /9046.BYL,Light Grey,Buy Now,https://www.hijup.com/en/skirt/129834-rok-basic-sheva-bawahan-muslim-wanita-bawah-payung-office-wear,https://storage.googleapis.com/hijup-production-sg-core/system/product_image/image/700942/big_HJP_LGRY1.jpg,2024-12-31
estelle smock skirt navy,Benang Jarum,795000,Estelle Smock Skirt - Navy dari Benang Jarum. Koleksi Skirt muslim terbaru dengan material yang nyaman dikenakan.,"65% Cotton, 35% Polyester",S,Navy,Buy Now,https://www.hijup.com/en/skirt/139481-estelle-smock-skirt-navy,https://storage.googleapis.com/hijup-production-sg-core/system/product_image/image/761813/big_Estelle_Smock_Skirt_-_Navy__2_.jpg,2024-12-31
long skirt rayon emma,LEZAHRASIGNATURE,179450,Long Skirt Rayon Emma koleksi Zahra Signature.,- Rok.,All Size /201.BYL,Navy,Buy Now,https://www.hijup.com/en/skirt/101577-long-skirt-rayon-emma,https://storage.googleapis.com/hijup-production-sg-core/system/product_image/image/548006/big_HJP_NVY5.jpg,2024-12-31
long skirt denim alia,LEZAHRASIGNATURE,269000,Long Skirt Denim Alia dari LEZAHRASIGNATURE. Koleksi Skirt muslim terbaru dengan material yang nyaman dikenakan.,Rok panjang jeans,,Snow Blue,Buy Now,https://www.hijup.com/en/skirt/101020-long-skirt-denim-alia,https://storage.googleapis.com/hijup-production-sg-core/system/product_image/image/629881/big_HJP_SBLU6.jpg,2024-12-31
serena pleats skirt navy,Benang Jarum,725000,Serena Pleats Skirt - Navy dari Benang Jarum. Koleksi Skirt muslim terbaru dengan material yang nyaman dikenakan.,100% Polyester,,Navy,Buy Now,https://www.hijup.com/en/skirt/131565-serena-pleats-skirt-navy,https://storage.googleapis.com/hijup-production-sg-core/system/product_image/image/717459/big_SERENA_PLEATS_SKIRT_-_Navy-2.jpg,2024-12-31
pleats skirt chocomilk a,AMALA,175000,Pleats Skirt Chocomilk A dari AMALA. Koleksi Skirt muslim terbaru dengan material yang nyaman dikenakan.,Spandek,,Chocomilk,Buy Now,https://www.hijup.com/en/skirt/107887-pleats-skirt-chocomilk-a,https://storage.googleapis.com/hijup-production-sg-core/system/product_image/image/593201/big_266575.jpg,2024-12-31
sporty daily skirt in black,LEZAHRASIGNATURE,269000,- Rok panjang ,- Pinggang karet,,Black,Buy Now,https://www.hijup.com/en/skirt/128417-sporty-daily-skirt-in-black,https://storage.googleapis.com/hijup-production-sg-core/system/product_image/image/692918/big_HJP_BLK.jpg,2024-12-31
rok plisket suede,LEZAHRASIGNATURE,369000,Rok Plisket Suede dari LEZAHRASIGNATURE. Koleksi Skirt muslim terbaru dengan material yang nyaman dikenakan.,Suede Import,,Olive,Buy Now,https://www.hijup.com/en/skirt/128961-rok-plisket-suede,https://storage.googleapis.com/hijup-production-sg-core/system/product_image/image/697193/big_HJP_OLV.jpg,2024-12-31
meccanism estelle pants,Meccanism,269900,"Celana  panjang model high waist dengan pinggang karet
Terdapat saku pada bagian kanan dan kiri celana serta belahan dibagian bawah",Kaos Texture (lebih tebal),,HITAM,Buy Now,https://www.hijup.com/en/pants/93962-meccanism-estelle-pants,https://storage.googleapis.com/hijup-production-sg-core/system/product_image/image/505282/big_WhatsApp_Image_2022-03-24_at_15.47.27__13_.jpeg,2024-12-31
serena pleats skirt dusty pink,Benang Jarum,725000,Serena Pleats Skirt - Dusty Pink dari Benang Jarum. Koleksi Skirt muslim terbaru dengan material yang nyaman dikenakan.,100% Polyester,,Dusty Pink,Buy Now,https://www.hijup.com/en/skirt/131564-serena-pleats-skirt-dusty-pink,https://storage.googleapis.com/hijup-production-sg-core/system/product_image/image/717467/big_SERENA_PLEATS_SKIRT_-_Dusty_Pink.jpg,2024-12-31
ashley pants army green,Benang Jarum,475000,Ashley Pants - Army Green dari Benang Jarum. Koleksi Pants muslim terbaru dengan material yang nyaman dikenakan.,"92% Polyester, 8% Elastane
",,Army Green,Buy Now,https://www.hijup.com/en/pants/107309-ashley-pants-army-green,https://storage.googleapis.com/hijup-production-sg-core/system/product_image/image/591993/big_265607.jpg,2024-12-31
kulot office bianca black,LEZAHRASIGNATURE,269000,Kulot Office Bianca Black dari LEZAHRASIGNATURE. Koleksi Pants muslim terbaru dengan material yang nyaman dikenakan.,- Celana kulot lebar,,Black,Buy Now,https://www.hijup.com/en/pants/101189-kulot-office-bianca-black,https://storage.googleapis.com/hijup-production-sg-core/system/product_image/image/545855/big_HJP_BLK.jpg,2024-12-31
meccanism fujiko pants,Meccanism,299900,"Celana panjang high waist dengan menggunakan resleting
Terdapat tali dan saku pad abagian kanan kiri celana",Ottoman Stretch,,DEEP NAVY,Buy Now,https://www.hijup.com/en/pants/94226-meccanism-fujiko-pants,https://storage.googleapis.com/hijup-production-sg-core/system/product_image/image/507267/big_WhatsApp_Image_2022-03-24_at_15.41.55__12_.jpeg,2024-12-31
basic pleats skirt dark grey,AMALA,180000,Basic Pleats Skirt Dark Grey dari AMALA. Koleksi Skirt muslim terbaru dengan material yang nyaman dikenakan.,Spandek,,Dark Grey,Buy Now,https://www.hijup.com/en/skirt/126477-basic-pleats-skirt-dark-grey,https://storage.googleapis.com/hijup-production-sg-core/system/product_image/image/687477/big_310646.jpg,2024-12-31
kami ery a line skirt taupe,Kamiidea,543200,"The Ery Skirt is a printed flounced skirt with a fitted waist, featuring a minimalist pattern from Kimayya and a convenient side opening for easy wear.

Ery Skirt adalah rok bergelombang dengan potongan model pinggang fit. Rok ini menampilkan motif minimalis Kimayya dan resleting samping untuk pemakaian yang lebih mudah.

- 2 color option
- Opening with zipper on the side
- Made with polyester material
- Wash in cold water
- Machine wash in regular cycle
- Iron with medium setting to prevent burn or melt of fabric

- Tersedia dalam 2 warna
- Dibuka dengan ritsleting pada bagian samping
- Dibuat menggunakan bahan poliester
- Cuci menggunakan air dingin
- Untuk mesin cuci gunakan siklus reguler
- Setrika dengan setelan sedang untuk mencegah kain hangus atau meleleh

- Model's height: 172 cm 
- Model's bust: 81 cm
- Model's waist: 60 cm 
- Model's hips: 89 cm 
- Model is wearing medium size","Weight (in gram, max. 6000, 3-4 Tops is approximately 1 kg):",M,Taupe,Buy Now,https://www.hijup.com/en/skirt/138296-kami-ery-a-line-skirt-taupe,https://storage.googleapis.com/hijup-production-sg-core/system/product_image/image/751550/big_KAMI-Ery_A-line_skirt_taupe_4.jpg,2024-12-31
signature milva pants 701 52704 80,Exit Signature,289950,"- Pants dengan casual look 
- Warna Brown 
- High rise 
- Material tidak transparan 
- Motif polos 
- Regular Fit 
- Bahan Kain Katun Poli Spandek yang ringan dan nyaman dipakai Lihat detail ukuran sebelum membeli 
- Warna pada gambar dapat sedikit berbeda dengan warna asli produk akibat pencahayaan saat proses photoshoot.

Size Spec 
S : (Lingkar pinggang 68cm x Panjang celana 97cm) 
M : (Lingkar pinggang 72cm x Panjang celana 98cm) 
L : (Lingkar pinggang 76cm x Panjang celana 99cm) 
XL : (Lingkar pinggang 80cmxPanjang celana 100cm) 
XXL : (Lingkar pinggang 84cm xPanjang celana 101cm)",Kain Katun Poli Spandek,XXL,Khaky,Buy Now,https://www.hijup.com/en/pants/140851-signature-milva-pants-701-52704-80,https://storage.googleapis.com/hijup-production-sg-core/system/product_image/image/765907/big_DSC09970.jpg,2024-12-31
longpant elvina dark brown,LEZAHRASIGNATURE,269000,Longpant Elvina koleksi Zahra Signature.,- Celana panjang.,,Dark Brown,Buy Now,https://www.hijup.com/en/pants/94760-longpant-elvina-dark-brown,https://storage.googleapis.com/hijup-production-sg-core/system/product_image/image/508608/big_HJP_DBRW_3.jpg,2024-12-31
basic pleated palazzo,HIJUP BASIC,124830,Koleksi terbaru Basic Pleated Palazzo dari HIJUP BASIC,Cotton poly,S/M,Grey,Buy Now,https://www.hijup.com/en/pants/119775-basic-pleated-palazzo,https://storage.googleapis.com/hijup-production-sg-core/system/product_image/image/667183/big_296495.jpg,2024-12-31
bundle 2 pcs long skirt plisket 01,LEZAHRASIGNATURE,359800,Koleksi terbaru BUNDLE 2 Pcs Long Skirt Plisket dari LEZAHRASIGNATURE,- Rok panjang.,All Size/6901.BB2,Olive Black,Buy Now,https://www.hijup.com/en/skirt/100374-bundle-2-pcs-long-skirt-plisket-01,https://storage.googleapis.com/hijup-production-sg-core/system/product_image/image/751921/big_ZL_OLV.jpg,2024-12-31
basic pleats skirt chocomilk,AMALA,180000,Basic Pleats Skirt Chocomilk dari AMALA. Koleksi Skirt muslim terbaru dengan material yang nyaman dikenakan.,Spandek,,Chocomilk,Buy Now,https://www.hijup.com/en/skirt/126467-basic-pleats-skirt-chocomilk,https://storage.googleapis.com/hijup-production-sg-core/system/product_image/image/687511/big_310636.jpg,2024-12-31
basic leisure sweatpants,HIJUP BASIC,92220,Basic Leisure Sweatpants dari HIJUP BASIC. Koleksi Pants muslim terbaru dengan material yang nyaman dikenakan.,Baby terry,S/M,Latte,Buy Now,https://www.hijup.com/en/pants/84880-basic-leisure-sweatpants,https://storage.googleapis.com/hijup-production-sg-core/system/product_image/image/459453/big_210707.jpg,2024-12-31
clara knit skirt blush,Benang Jarum,875000,Clara Knit Skirt - Blush dari Benang Jarum. Koleksi Skirt muslim terbaru dengan material yang nyaman dikenakan.,"65% Rayon, 35% Nylon",M,Blush,Buy Now,https://www.hijup.com/en/skirt/137352-clara-knit-skirt-blush,https://storage.googleapis.com/hijup-production-sg-core/system/product_image/image/752056/big_Clara_Knit_Skirt_-_Blush.jpg,2024-12-31
ana skirt rok plisket putih,LEZAHRASIGNATURE,174950,Long Skirt Plisket Ana koleksi Zahra Signature,- Rok panjang.,All Size /712.SA,White,Buy Now,https://www.hijup.com/en/skirt/87293-ana-skirt-rok-plisket-putih,https://storage.googleapis.com/hijup-production-sg-core/system/product_image/image/631541/big_WhatsApp_Image_2022-11-26_at_11.07.29.jpeg,2024-12-31
button skirt rok suede hitam,LEZAHRASIGNATURE,369000,Button Skirt - Hitam dari LEZAHRASIGNATURE. Koleksi Skirt muslim terbaru dengan material yang nyaman dikenakan.-rok panjang,- A line cut,,Hitam,Buy Now,https://www.hijup.com/en/skirt/138027-button-skirt-rok-suede-hitam,https://storage.googleapis.com/hijup-production-sg-core/system/product_image/image/750564/big_BLK_1.jpg,2024-12-31
coral dreams knit pants pink,Benang Jarum,625000,Coral Dreams Knit Pants - Pink dari Benang Jarum. Koleksi Pants muslim terbaru dengan material yang nyaman dikenakan.,Polyester,S,Pink,Buy Now,https://www.hijup.com/en/pants/140232-coral-dreams-knit-pants-pink,https://storage.googleapis.com/hijup-production-sg-core/system/product_image/image/763531/big_CoralDreamsKnitPants_Pink_2.jpg,2024-12-31
basic pleats cullote mustard,AMALA,54000,Basic Pleats Cullote Mustard dari AMALA. Koleksi Skirt muslim terbaru dengan material yang nyaman dikenakan.,"Weight (in gram, max. 6000, 3-4 Tops is approximately 1 kg):",All Size,Mustard,Buy Now,https://www.hijup.com/en/skirt/131602-basic-pleats-cullote-mustard,https://storage.googleapis.com/hijup-production-sg-core/system/product_image/image/719770/big_v1-734-131602-216921-26404-46-324111.jpg,2024-12-31
new pleats cullote mocca a,AMALA,180000,New Pleats Cullote Mocca A dari AMALA. Koleksi Skirt muslim terbaru dengan material yang nyaman dikenakan.,Spandek,,Mocca,Buy Now,https://www.hijup.com/en/pants/120279-new-pleats-cullote-mocca-a,https://storage.googleapis.com/hijup-production-sg-core/system/product_image/image/664657/big_298284.jpg,2024-12-31
basic pleats cullote mint a,AMALA,54000,Basic Pleats Cullote Mint A dari AMALA. Koleksi Skirt muslim terbaru dengan material yang nyaman dikenakan.,"Weight (in gram, max. 6000, 3-4 Tops is approximately 1 kg):",All Size,Mint,Buy Now,https://www.hijup.com/en/skirt/131601-basic-pleats-cullote-mint-a,https://storage.googleapis.com/hijup-production-sg-core/system/product_image/image/719772/big_v1-734-131601-216920-26404-46-324110.jpg,2024-12-31
raisa skirt rok flare corduroy,LEZAHRASIGNATURE,369000,Raisa Skirt (Rok Flare Corduroy) dari LEZAHRASIGNATURE. Koleksi Skirt muslim terbaru dengan material yang nyaman dikenakan.,Suede Corduroy,,Teracota,Buy Now,https://www.hijup.com/en/skirt/139362-raisa-skirt-rok-flare-corduroy,https://storage.googleapis.com/hijup-production-sg-core/system/product_image/image/759378/big_IMG_2607.jpg,2024-12-31
nadjani fizha skirt alya,Nadjani Official,415000,"Lingkar pinggang maksimal 80cm
Panjang 85cm
Bahan parasut",Bahan parasut,All Size,Fizha Skirt Alya,Buy Now,https://www.hijup.com/en/skirt/133049-nadjani-fizha-skirt-alya,https://storage.googleapis.com/hijup-production-sg-core/system/product_image/image/720091/big_Fizha_Skirt_Alya_1.jpg,2024-12-31
kulot katun maya,LEZAHRASIGNATURE,239000,Kulot Katun Maya dari LEZAHRASIGNATURE. Koleksi Pants muslim terbaru dengan material yang nyaman dikenakan.,Katun Rayon Twill Premium,,Light Grey,Buy Now,https://www.hijup.com/en/pants/102099-kulot-katun-maya,https://storage.googleapis.com/hijup-production-sg-core/system/product_image/image/551899/big_HJP_LGRY.jpg,2024-12-31
kulot spandex wina,LEZAHRASIGNATURE,219000,Kulot Spandex Wina dari Zahra Signature. Koleksi Pants muslim terbaru dengan material yang nyaman dikenakan.,Wafer Poliester Spandex,,Olive,Buy Now,https://www.hijup.com/en/pants/75211-kulot-spandex-wina,https://storage.googleapis.com/hijup-production-sg-core/system/product_image/image/405443/big_HJP_OLV.jpg,2024-12-31
nanad pant,Bellissima,315000,Nanad Pant dari Bellissima. Koleksi Pants muslim terbaru dengan material yang nyaman dikenakan.,Katun,,Black,Buy Now,https://www.hijup.com/en/pants/87486-nanad-pant,https://storage.googleapis.com/hijup-production-sg-core/system/product_image/image/485507/big_v1-273-87486-154792-24311-46-216740.JPG,2024-12-31
kulot wanda,LEZAHRASIGNATURE,269000,Kulot Wanda Black dari LEZAHRASIGNATURE. Koleksi Pants muslim terbaru dengan material yang nyaman dikenakan.,Spandex,,Brown,Buy Now,https://www.hijup.com/en/pants/108903-kulot-wanda,https://storage.googleapis.com/hijup-production-sg-core/system/product_image/image/605774/big_HJP_BRW1.jpg,2024-12-31
kulot spandex wilona white,LEZAHRASIGNATURE,299000,Kulot Spandex Wilona dari LEZAHRASIGNATURE. Koleksi Pants muslim terbaru dengan material yang nyaman dikenakan.,- Celana kulot spandex lebar,,White,Buy Now,https://www.hijup.com/en/pants/106714-kulot-spandex-wilona-white,https://storage.googleapis.com/hijup-production-sg-core/system/product_image/image/663850/big_HJP_WILONA_WHT.jpg,2024-12-31
basic pleats cullote dusty pink,AMALA,54000,Basic Pleats Cullote Dusty Pink dari AMALA. Koleksi Skirt muslim terbaru dengan material yang nyaman dikenakan.,"Weight (in gram, max. 6000, 3-4 Tops is approximately 1 kg):",All Size,Dusty Pink,Buy Now,https://www.hijup.com/en/skirt/131599-basic-pleats-cullote-dusty-pink,https://storage.googleapis.com/hijup-production-sg-core/system/product_image/image/719780/big_v1-734-131599-216918-26404-46-324108.jpg,2024-12-31
jogger jeans bigsize,LEZAHRASIGNATURE,239000,Jogger Jeans Bigsize dari LEZAHRASIGNATURE. Koleksi Pants muslim terbaru dengan material yang nyaman dikenakan.,Denim Non Strech,,Snow Blue,Buy Now,https://www.hijup.com/en/pants/104159-jogger-jeans-bigsize,https://storage.googleapis.com/hijup-production-sg-core/system/product_image/image/563927/big_HJP_SBLU.jpg,2024-12-31
defect sale longpant twill hilda,LEZAHRASIGNATURE,298000,ABU TUA (XXL) TERDAPAT BS JAHITAN DI BAGIAN BAWAH PERGELANGAN KAKI SEBELAH KANAN , ABU TUA (XL) TERDAPAT NODA DIBAGIAN DEPAN!! TIDAK ADA BOLONG DAN JAHITAN RAPIH!!,,Dark Grey (NODA),Buy Now,https://www.hijup.com/en/pants/101536-defect-sale-longpant-twill-hilda,https://storage.googleapis.com/hijup-production-sg-core/system/product_image/image/547679/big_ABT.jpg,2024-12-31
bundle 3 pcs mix babyterry bottom,LEZAHRASIGNATURE,573600,Bundle 3 Pcs Mix Babyterry Bottom,- Kulot 1: Kulot Daily Babyterry (polos),,Black Only (Kulot- Jogger-Longpant),Buy Now,https://www.hijup.com/en/pants/76523-bundle-3-pcs-mix-babyterry-bottom,https://storage.googleapis.com/hijup-production-sg-core/system/product_image/image/410351/big_HJP_BLK.jpg,2024-12-31
buy 1 get 1 free longpant irma,LEZAHRASIGNATURE,316800,"Produk ini berisi 2 variasi warna Longpant Irma, ",- Celana panjang berbahan ringan dan lembut.,,Brown - Light Grey,Buy Now,https://www.hijup.com/en/pants/112759-buy-1-get-1-free-longpant-irma,https://storage.googleapis.com/hijup-production-sg-core/system/product_image/image/617501/big_HJP_LBRW4.jpg,2024-12-31
signature lisania pants 787 52284 19,Exit Signature,549900,"- Cargo pants dengan casual look
- Warna Putih 
- High rise 
- Motif polos 
- Terdapat kantung bagian samping
- Regular Fit 
- Bahan Kain TC SLub  yang ringan dan nyaman dipakai 
- Material tidak transparan
- Tinggi model 170cm, lingkar pinggang 60cm, mengenakan ukuran M

Lihat detail ukuran sebelum membeli
- Warna pada gambar dapat sedikit berbeda dengan warna asli produk akibat pencahayaan
 saat proses photoshoot.


Size Spec
S : (Lingkar pinggang 68cm x Panjang celana 94cmx Lingkar Panggul 96cm)
M : (Lingkar pinggang 72cm x Panjang celana 95cm x Lingkar Panggul 100cm)
L : (Lingkar pinggang 76cm x Panjang celana 96cm x Lingkar Panggul 104cm)
XL : (Lingkar pinggang 80cm x Panjang celana 97cm x Lingkar Panggul 108cm)
XXL : (Lingkar pinggang 84cm x Panjang celana 98cm x Lingkar Panggul 112cm)",Kain Tc SLub,,whte,Buy Now,https://www.hijup.com/en/pants/135873-signature-lisania-pants-787-52284-19,https://storage.googleapis.com/hijup-production-sg-core/system/product_image/image/736651/big_DSC05945.jpg,2024-12-31
basic pleats cullote soft brown,AMALA,54000,Basic Pleats Cullote Soft Brown dari AMALA. Koleksi Skirt muslim terbaru dengan material yang nyaman dikenakan.,"Weight (in gram, max. 6000, 3-4 Tops is approximately 1 kg):",All Size,Soft Brown,Buy Now,https://www.hijup.com/en/skirt/131598-basic-pleats-cullote-soft-brown,https://storage.googleapis.com/hijup-production-sg-core/system/product_image/image/719796/big_v1-734-131598-216917-26404-46-324107.jpg,2024-12-31
cargo pants celana panjang katun kargo fit bb 85 kg,LEZAHRASIGNATURE,219850,Longpant Cargo Twill dari LEZAHRASIGNATURE. Koleksi Pants muslim terbaru dengan material yang nyaman dikenakan.,Celana Panjang Kargo,XXL /9116.JO,Black,Buy Now,https://www.hijup.com/en/pants/124459-cargo-pants-celana-panjang-katun-kargo-fit-bb-85-kg,https://storage.googleapis.com/hijup-production-sg-core/system/product_image/image/676658/big_HJP_BLK.jpg,2024-12-31
kulot plisket alya 2,LEZAHRASIGNATURE,199000,Lengkapi koleksi pletas kulot di lemari kamu hadir dalam varian warna hangat earth tone colour siap buat penampilan kamu makin menarik.,- Celana kulot plisket lebar.,,Light Brown,Buy Now,https://www.hijup.com/en/pants/79088-kulot-plisket-alya-2,https://storage.googleapis.com/hijup-production-sg-core/system/product_image/image/622461/big_WhatsApp_Image_2022-11-05_at_11.08.01.jpeg,2024-12-31
yoenik apparel yurika knit waffle rok black m18933 r83s6,Yoenik,67000,"Hello beauty! One set yang satu ini bisa jadi opsi buat kamu yang ingin tampil stylish secara instan untuk menemani acara kasualmu! Detail tekstur kain yang cantik bikin look set ini terlihat unik dan kekinian. One set yang terdiri dari atasan kemeja kancing dan rok midi, bisa juga kamu pakai secara terpisah loh! dimix and match dengan kaos ataupun inner favoritmu juga bikin looked berbeda. Yuk check out sekarang! Bisa checkout atasan aja, rok aja ataupun 1set, jangan salah pilih variasi nya yaa.
","
- waffle material
",Allsize,Black ,Buy Now,https://www.hijup.com/en/skirt/138456-yoenik-apparel-yurika-knit-waffle-rok-black-m18933-r83s6,https://storage.googleapis.com/hijup-production-sg-core/system/product_image/image/752547/big_DSCF2699.jpg,2024-12-31
winy kulot celana panjang basic,LEZAHRASIGNATURE,174950,Kulot Winy  dari LEZAHRASIGNATURE. Koleksi Pants muslim terbaru dengan material yang nyaman dikenakan.,"Weight (in gram, max. 6000, 3-4 Tops is approximately 1 kg):",All Size /2891.RO,Navy,Buy Now,https://www.hijup.com/en/pants/136915-winy-kulot-celana-panjang-basic,https://storage.googleapis.com/hijup-production-sg-core/system/product_image/image/744344/big_HJP_NVY2.jpg,2024-12-31
yoenik apparel yurika knit waffle rok oat m18935 r83s6,Yoenik,67000,"Hello beauty! One set yang satu ini bisa jadi opsi buat kamu yang ingin tampil stylish secara instan untuk menemani acara kasualmu! Detail tekstur kain yang cantik bikin look set ini terlihat unik dan kekinian. One set yang terdiri dari atasan kemeja kancing dan rok midi, bisa juga kamu pakai secara terpisah loh! dimix and match dengan kaos ataupun inner favoritmu juga bikin looked berbeda. Yuk check out sekarang! Bisa checkout atasan aja, rok aja ataupun 1set, jangan salah pilih variasi nya yaa.
","
- waffle material
",Allsize,Oat ,Buy Now,https://www.hijup.com/en/skirt/138457-yoenik-apparel-yurika-knit-waffle-rok-oat-m18935-r83s6,https://storage.googleapis.com/hijup-production-sg-core/system/product_image/image/752553/big_DSCF27544.jpg,2024-12-31
basic pleats skirt terracotta,AMALA,54000,Basic Pleats Skirt Terracotta dari AMALA. Koleksi Skirt muslim terbaru dengan material yang nyaman dikenakan.,"Weight (in gram, max. 6000, 3-4 Tops is approximately 1 kg):",All Size,Terracotta,Buy Now,https://www.hijup.com/en/skirt/131595-basic-pleats-skirt-terracotta,https://storage.googleapis.com/hijup-production-sg-core/system/product_image/image/719782/big_v1-734-131595-216912-26404-46-324102.jpg,2024-12-31
luminosa pants maroon,Benang Jarum,575000,Luminosa Pants - Maroon dari Benang Jarum. Koleksi Pants muslim terbaru dengan material yang nyaman dikenakan.,Polyester,S,Maroon,Buy Now,https://www.hijup.com/en/pants/139136-luminosa-pants-maroon,https://storage.googleapis.com/hijup-production-sg-core/system/product_image/image/759723/big_Luminosa_Pants___Maroon__1_.jpg,2024-12-31
ashley pants blue,Benang Jarum,475000,Ashley Pants - Blue dari Benang Jarum. Koleksi Pants muslim terbaru dengan material yang nyaman dikenakan.,"92% Polyester, 8% Elastane
",,Blue,Buy Now,https://www.hijup.com/en/pants/107310-ashley-pants-blue,https://storage.googleapis.com/hijup-production-sg-core/system/product_image/image/591979/big_265614.jpg,2024-12-31
the orient flowy skirt taupe,Nada Puspita,899000,The Orient Flowy Skirt - Taupe dari Nada Puspita. Koleksi Skirt muslim terbaru dengan material yang nyaman dikenakan.,Tille + Inner,,Multicolor,Buy Now,https://www.hijup.com/en/skirt/139275-the-orient-flowy-skirt-taupe,https://storage.googleapis.com/hijup-production-sg-core/system/product_image/image/760380/big_The_Orient_Clothing_30_copy.jpg,2024-12-31
flory pants cream,Benang Jarum,675000,Flory Pants - Cream dari Benang Jarum. Koleksi Pants muslim terbaru dengan material yang nyaman dikenakan.,"58% Rayon, 42% Polyester",M,Cream,Buy Now,https://www.hijup.com/en/pants/139149-flory-pants-cream,https://storage.googleapis.com/hijup-production-sg-core/system/product_image/image/759844/big_Flory_Pants_-_Cream__2_.jpg,2024-12-31
orion pleated pants black,Benang Jarum,725000,Orion Pleated Pants - Black dari Benang Jarum. Koleksi Pants muslim terbaru dengan material yang nyaman dikenakan.,100% Polyester,S,Black,Buy Now,https://www.hijup.com/en/pants/139155-orion-pleated-pants-black,https://storage.googleapis.com/hijup-production-sg-core/system/product_image/image/759892/big_Orion_Pleated_Pants_-_Black__1_.jpg,2024-12-31
alia kulot celana panjang kargo parasut,LEZAHRASIGNATURE,218900,Alia Kulot (Celana Panjang Kargo Parasut) dari LEZAHRASIGNATURE. Koleksi Pants muslim terbaru dengan material yang nyaman dikenakan. ,Celana Kulot Parasut,XL /9228.CL,Dusty Pink,Buy Now,https://www.hijup.com/en/pants/139551-alia-kulot-celana-panjang-kargo-parasut,https://storage.googleapis.com/hijup-production-sg-core/system/product_image/image/760884/big_HJP_PNK.jpg,2024-12-31
fiona skirt,LEZAHRASIGNATURE,239000,Fiona Skirt dari LEZAHRASIGNATURE. Koleksi Skirt muslim terbaru dengan material yang nyaman dikenakan.,Twill Cotton,All Size/70442VAL,Coklat,Buy Now,https://www.hijup.com/en/skirt/141005-fiona-skirt,https://storage.googleapis.com/hijup-production-sg-core/system/product_image/image/766307/big_IMG_3244.JPG,2024-12-31
the orient flowy skirt ivory,Nada Puspita,899000,The Orient Flowy Skirt - Ivory dari Nada Puspita. Koleksi Skirt muslim terbaru dengan material yang nyaman dikenakan.,Tille + Inner,,Multicolor,Buy Now,https://www.hijup.com/en/skirt/139274-the-orient-flowy-skirt-ivory,https://storage.googleapis.com/hijup-production-sg-core/system/product_image/image/760388/big_The_Orient_Clothing_78_copy.jpg,2024-12-31
kulot kargo jennie,LEZAHRASIGNATURE,239000,Kulot Kargo Jennie dari LEZAHRASIGNATURE. Koleksi Pants muslim terbaru dengan material yang nyaman dikenakan.,Katun Twill,L /9025.JO,Cappucino,Buy Now,https://www.hijup.com/en/pants/129611-kulot-kargo-jennie,https://storage.googleapis.com/hijup-production-sg-core/system/product_image/image/700149/big_HJP_TRC.jpg,2024-12-31
kulot katun basic celana panjang muslim wanita putih,LEZAHRASIGNATURE,149850,Kulot Katun Basic - Putih dari LEZAHRASIGNATURE. Koleksi Pants muslim terbaru dengan material yang nyaman dikenakan.,Celana panjang kulot putih,M /142.BYL,Putih,Buy Now,https://www.hijup.com/en/pants/136839-kulot-katun-basic-celana-panjang-muslim-wanita-putih,https://storage.googleapis.com/hijup-production-sg-core/system/product_image/image/742479/big_HJP_WHT3.jpg,2024-12-31
pn 2416 pamela pants,Club Solitaire,175000,PN 2416 Pamela Pants dari Club Solitaire. Koleksi Pants muslim terbaru dengan material yang nyaman dikenakan.,polyester wool,All Size,Bw,Buy Now,https://www.hijup.com/en/pants/132937-pn-2416-pamela-pants,https://storage.googleapis.com/hijup-production-sg-core/system/product_image/image/721660/big_327066.jpg,2024-12-31
flare scuba skirt,LEZAHRASIGNATURE,168750,Flare Scuba Skirt dari LEZAHRASIGNATURE. Koleksi Skirt muslim terbaru dengan material yang nyaman dikenakan.,Scuba Spandex,XL /9049.BYL,Navy,Buy Now,https://www.hijup.com/en/skirt/130775-flare-scuba-skirt,https://storage.googleapis.com/hijup-production-sg-core/system/product_image/image/708138/big_HJP_NVY.jpg,2024-12-31
pn 2424 viera pants,Club Solitaire,175000,PN 2424 Viera Pants dari Club Solitaire. Koleksi Pants muslim terbaru dengan material yang nyaman dikenakan.,Polyester twist,All Size,Coklat,Buy Now,https://www.hijup.com/en/pants/132939-pn-2424-viera-pants,https://storage.googleapis.com/hijup-production-sg-core/system/product_image/image/721634/big_327077.jpg,2024-12-31
alunicorn kai pants pants wanita knit rajut simple taupe,Alunicorn,189000,"Kai Knit Pants 

Kai Pants merupakan celana berbahan knit premium yang handmade sehingga lembut, stretchy, flowy dan nyaman. Memiliki pinggang full karet sehingga tidak perlu takut kekecilan. Cuttingannya dibuat wide leg sehingga memberi efek jenjang, cocok digunakan di acara santai maupun semi formal.


Size Chart :

A/B

Panjang Celana               : 100/100

Lingkar Pinggang            : 60/64

Lingkar Pinggul                : 82/84

Lingkar Paha                    : 52/54


Warna : Teal (Hijau tosca), Deep Taupe, Charcoal, Brown Sugar, Jade Black, Simple Taupe, Pumpkin (orange), Deep Pink, Off White, Forest Green.


Notes :

Kemungkinan perbedaan sedikit warna antara barang yang difoto dan barang aslinya, dikarenakan faktor cahaya dan setting layar tampilan Anda, atau flash kamera. 


Instruksi Perawatan :

Jangan gunakan pemutih

Jangan dicuci di mesin cuci

Setrika dengan panas rendah","Weight (in gram, max. 6000, 3-4 Tops is approximately 1 kg):",B (L-XL),Simple Taupe,Buy Now,https://www.hijup.com/en/pants/126663-alunicorn-kai-pants-pants-wanita-knit-rajut-simple-taupe,https://storage.googleapis.com/hijup-production-sg-core/system/product_image/image/686262/big_FOTO_PRODUK_WEB_4.png,2024-12-31
alunicorn roco pants army,Alunicorn,165000,"Bermaterial Bobble yang lembut dan stretch. Cuttingan celana Cutbray dengan desain spesial terdapat garis belahan di bagian tengah celana yang bisa membuat kakimu terlihat lebih jenjang. Terdapat karet pinggang di bagian belakang pastinya nyaman dan mudah digunakan. Roco Pants memiliki warna-warna yang cocok digunakan kemanapun bisa untuk kerja atau hangout.

Materials

Bobble","Weight (in gram, max. 6000, 3-4 Tops is approximately 1 kg):",B (L-XL),Army,Buy Now,https://www.hijup.com/en/pants/131447-alunicorn-roco-pants-army,https://storage.googleapis.com/hijup-production-sg-core/system/product_image/image/712104/big_Artboard_23.png,2024-12-31
polly pants,Morning Sunshine,250000,Tampil simply chic dengan Morning Sunshine Polly Pants. Celana panjang dengan aplikasi ruffle dan siluet straight fit.,Katun,M,Navy,Buy Now,https://www.hijup.com/en/pants/50016-polly-pants,https://storage.googleapis.com/hijup-production-sg-core/system/product_image/image/243265/big_v1-227-50016-92904-16187-46-124003-2.jpg,2024-12-31
signature milesa pants 794 52377 19,Exit Signature,231960,"- Pants dengan casual look
- Warna Putih 
- High rise 
- Motif polos 
- Terdapat kantung bagian samping
- Regular Fit 
- Bahan Kain Twill Non Stretch yang ringan dan nyaman dipakai 
- Material tidak transparan

Lihat detail ukuran sebelum membeli
- Warna pada gambar dapat sedikit berbeda dengan warna asli produk akibat pencahayaan
 saat proses photoshoot.

Size Spec
S : (Lingkar pinggang 66cm x Panjang celana 97cm)
M : (Lingkar pinggang 70cm x Panjang celana 98cm)
L : (Lingkar pinggang 74cm x Panjang celana 99cm)
XL : (Lingkar pinggang 78cmxPanjang celana 100cm)
XXL : (Lingkar pinggang 82cm xPanjang celana 101cm)",Kain Twill Non Stretch ,XXL,White,Buy Now,https://www.hijup.com/en/pants/137062-signature-milesa-pants-794-52377-19,https://storage.googleapis.com/hijup-production-sg-core/system/product_image/image/743404/big_exit_HEN_9303.jpg,2024-12-31
gia knit pants beige,CHALE Official,160300,"Gia Knit Pants dari CHÂLE. Koleksi Pants muslim terbaru dengan material yang nyaman dikenakan.

- Karet pinggang yang nyaman.
- Bahan knit yang ringan dan stretchable.
- Aksen pita bagian depan.",Knit,All Size,Beige,Buy Now,https://www.hijup.com/en/pants/99513-gia-knit-pants-beige,https://storage.googleapis.com/hijup-production-sg-core/system/product_image/image/542428/big_v1-989-99513-171345-24761-46-245033.jpg,2024-12-31
kulot katun ashley light grey,LEZAHRASIGNATURE,149850,Kulot Katun Ashley dari LEZAHRASIGNATURE. Koleksi Pants muslim terbaru dengan material yang nyaman dikenakan.,- Celana kulot,M /708.BYL,Light Grey,Buy Now,https://www.hijup.com/en/pants/101460-kulot-katun-ashley-light-grey,https://storage.googleapis.com/hijup-production-sg-core/system/product_image/image/547150/big_HJP_LGRY5.jpg,2024-12-31
pn 2118 mayumi pants,Club Solitaire,177500,PN 2118 Mayumi Pants dari Club Solitaire. Koleksi Pants muslim terbaru dengan material yang nyaman dikenakan.,polyester twist,All Size,Grey,Buy Now,https://www.hijup.com/en/pants/137395-pn-2118-mayumi-pants,https://storage.googleapis.com/hijup-production-sg-core/system/product_image/image/749882/big_26806-338801.jpg,2024-12-31
kulot katun ashley black,LEZAHRASIGNATURE,149850,Kulot Katun Ashley dari LEZAHRASIGNATURE. Koleksi Pants muslim terbaru dengan material yang nyaman dikenakan.,- Celana kulot,L /708.BYL,Black,Buy Now,https://www.hijup.com/en/pants/101459-kulot-katun-ashley-black,https://storage.googleapis.com/hijup-production-sg-core/system/product_image/image/547144/big_HJP_BLK7.jpg,2024-12-31
pn 2500 levion pants,Club Solitaire,217500,PN 2500 Levion Pants dari Club Solitaire. Koleksi Pants muslim terbaru dengan material yang nyaman dikenakan.,raw denim,All Size,Navy,Buy Now,https://www.hijup.com/en/pants/137396-pn-2500-levion-pants,https://storage.googleapis.com/hijup-production-sg-core/system/product_image/image/749623/big_26806-338803-5.jpg,2024-12-31
alunicorn zoe pants broken white pants wanita,Alunicorn,165000,"Zoe Pants

Zoe Pants merupakan pants / celana  berbahan scuba handmade sehingga lembut, stretchy, flowly dan nyaman. Bagian pinggang full karet sehingga tidak perlu takut kekecilan. Design spesial terdapat garis belahan di bagian pinggir celana serta dibuat model wide-leg membuat penampilan terlihat lebih jenjang. Cocok dipakai di acara santai maupun acara semi-formal.

Tersedia 6 Warna:

1. Sand

2. Broken White

3. Fern

4. Browny

5. Black

6. Tortilla

Size Chart
Size                       : A (S-M) / B (L-XL)
Panjang Celana     : 100 cm / 102 cm
Lingkar Pinggang : 64-90 cm / 70-96 cm
Lingkar Pinggul    : 88 cm / 92 cm
Lingkar Paha         : 55 cm / 58 cm

Happy Shopping dear ^^","Weight (in gram, max. 6000, 3-4 Tops is approximately 1 kg):",B (L-XL),Broken White,Buy Now,https://www.hijup.com/en/pants/131307-alunicorn-zoe-pants-broken-white-pants-wanita,https://storage.googleapis.com/hijup-production-sg-core/system/product_image/image/710430/big_broken_wihte_1.png,2024-12-31
kulot katun ashley dark grey,LEZAHRASIGNATURE,149850,Kulot Katun Ashley dari LEZAHRASIGNATURE. Koleksi Pants muslim terbaru dengan material yang nyaman dikenakan.,- Celana kulot,M /708.BYL,Dark Grey,Buy Now,https://www.hijup.com/en/pants/101450-kulot-katun-ashley-dark-grey,https://storage.googleapis.com/hijup-production-sg-core/system/product_image/image/547105/big_HJP_DGRY5.jpg,2024-12-31
alunicorn kai pants pants wanita knit rajut off white,Alunicorn,189000,"Kai Knit Pants 

Kai Pants merupakan celana berbahan knit premium yang handmade sehingga lembut, stretchy, flowy dan nyaman. Memiliki pinggang full karet sehingga tidak perlu takut kekecilan. Cuttingannya dibuat wide leg sehingga memberi efek jenjang, cocok digunakan di acara santai maupun semi formal.


Size Chart :

A/B

Panjang Celana               : 100/100

Lingkar Pinggang            : 60/64

Lingkar Pinggul                : 82/84

Lingkar Paha                    : 52/54


Warna : Teal (Hijau tosca), Deep Taupe, Charcoal, Brown Sugar, Jade Black, Simple Taupe, Pumpkin (orange), Deep Pink, Off White, Forest Green.


Notes :

Kemungkinan perbedaan sedikit warna antara barang yang difoto dan barang aslinya, dikarenakan faktor cahaya dan setting layar tampilan Anda, atau flash kamera. 


Instruksi Perawatan :

Jangan gunakan pemutih

Jangan dicuci di mesin cuci

Setrika dengan panas rendah","Weight (in gram, max. 6000, 3-4 Tops is approximately 1 kg):",B (L-XL),Off White,Buy Now,https://www.hijup.com/en/pants/126666-alunicorn-kai-pants-pants-wanita-knit-rajut-off-white,https://storage.googleapis.com/hijup-production-sg-core/system/product_image/image/686268/big_FOTO_PRODUK_WEB_12.png,2024-12-31
alunicorn roco pants tawny,Alunicorn,165000,"Bermaterial Bobble yang lembut dan stretch. Cuttingan celana Cutbray dengan desain spesial terdapat garis belahan di bagian tengah celana yang bisa membuat kakimu terlihat lebih jenjang. Terdapat karet pinggang di bagian belakang pastinya nyaman dan mudah digunakan. Roco Pants memiliki warna-warna yang cocok digunakan kemanapun bisa untuk kerja atau hangout.

Materials

Bobble","Weight (in gram, max. 6000, 3-4 Tops is approximately 1 kg):",B (L-XL),Tawny,Buy Now,https://www.hijup.com/en/pants/131449-alunicorn-roco-pants-tawny,https://storage.googleapis.com/hijup-production-sg-core/system/product_image/image/712112/big_Artboard_41.png,2024-12-31
celana panjang basic linen rami model kancing,Lunan GO,95000,"Celana ini terbuat dari bahan Rami yang tidak kaku, tebal tapi lembut dan nyaman dipake,cocok untuk ke kantor,kuliah atau bahkan menjadi pelengkap OOTD kalian.
 
Celana Basic  ini sangat nyaman dipakai karena bentuknya longgar,tidak ketat, dengan karet dibagian belakang Pinggang serta kancing dibagian bawah celanan yang bisa dikait untuk membentuk celana pencil dan dilepas untuk memudahkan saat berwudhu.",Celana Bahan Katun Ima,All Size,Navy,Buy Now,https://www.hijup.com/en/pants/98802-celana-panjang-basic-linen-rami-model-kancing,https://storage.googleapis.com/hijup-production-sg-core/system/product_image/image/532415/big_clns3.jpg,2024-12-31
alunicorn roco pants pearly white,Alunicorn,165000,"Bermaterial Bobble yang lembut dan stretch. Cuttingan celana Cutbray dengan desain spesial terdapat garis belahan di bagian tengah celana yang bisa membuat kakimu terlihat lebih jenjang. Terdapat karet pinggang di bagian belakang pastinya nyaman dan mudah digunakan. Roco Pants memiliki warna-warna yang cocok digunakan kemanapun bisa untuk kerja atau hangout.

Materials

Bobble","Weight (in gram, max. 6000, 3-4 Tops is approximately 1 kg):",A (S-M),Pearl White,Buy Now,https://www.hijup.com/en/pants/131448-alunicorn-roco-pants-pearly-white,https://storage.googleapis.com/hijup-production-sg-core/system/product_image/image/712108/big_broken_wihte_1.png,2024-12-31
syanaz pants,Fey Attire Official,104500,"Celana kulot panjang high waist yang dilengkapi tali pita yang bisa dilepas pasang dan karet pada bagian pinggang. Terdapat resleting dan  saku pada bagian sebelah kanan dan kiri
",Torino,All Size,Plum,Buy Now,https://www.hijup.com/en/pants/100177-syanaz-pants,https://storage.googleapis.com/hijup-production-sg-core/system/product_image/image/540075/big_FEY_ATIRE_1_1_BAWAHAN.JPG,2024-12-31
longpant baggy twill tina coklat olive,LEZAHRASIGNATURE,179850,"Jenis tipe celana panjang yang dapat sangat kamu andalkan
baik untuk digunakan untuk kegiatan sehari2, ngantor/meeting atau acara hangout.",- Celana panjang baggy,XXL /9115.JO,Coklat Olive,Buy Now,https://www.hijup.com/en/pants/92934-longpant-baggy-twill-tina-coklat-olive,https://storage.googleapis.com/hijup-production-sg-core/system/product_image/image/499893/big_HJP_CKO4.jpg,2024-12-31
longpant baggy twill tina beige,LEZAHRASIGNATURE,179850,"Jenis tipe celana panjang yang dapat sangat kamu andalkan
baik untuk digunakan untuk kegiatan sehari2, ngantor/meeting atau acara hangout.",- Celana panjang baggy,M /9115.JO,Beige,Buy Now,https://www.hijup.com/en/pants/92932-longpant-baggy-twill-tina-beige,https://storage.googleapis.com/hijup-production-sg-core/system/product_image/image/499887/big_HJP_BEI_4.jpg,2024-12-31
longpant baggy twill tina coklat abu,LEZAHRASIGNATURE,179850,"Jenis tipe celana panjang yang dapat sangat kamu andalkan
baik untuk digunakan untuk kegiatan sehari2, ngantor/meeting atau acara hangout.",- Celana panjang baggy,XXL /9115.JO,Coklat Abu,Buy Now,https://www.hijup.com/en/pants/92922-longpant-baggy-twill-tina-coklat-abu,https://storage.googleapis.com/hijup-production-sg-core/system/product_image/image/499854/big_HJP_CKA3.jpg,2024-12-31
kami hara wide leg pants plain black,Kamiidea,419300,"These loose, wide-legged palazzo pants are made from satin and designed for you to be comfortable yet elegant at the same time.

Celana palazzolebar dan longgar ini terbuat dari satin dan dirancang untuk memberikan kenyamanan dan keanggunan di saat yang sama.

- Available in 2 colors option 
- Wash in cold water
- Machine wash in regular cycle
- Iron with medium setting to prevent burn or melt of fabric
- Made with satin

- Tersedia dalam 2 warna
- Cuci menggunakan air dingin
- Untuk mesin cuci gunakan siklus reguler
- Setrika dengan setelan sedang untuk mencegah kain hangus atau meleleh
- Dibuat menggunakan bahan satin

- Model's height: 175 cm 
- Model's bust: 84 cm
- Model's waist: 60 cm 
- Model's hips: 90 cm 
- Model is wearing medium size","Weight (in gram, max. 6000, 3-4 Tops is approximately 1 kg):",L,Black,Buy Now,https://www.hijup.com/en/pants/136320-kami-hara-wide-leg-pants-plain-black,https://storage.googleapis.com/hijup-production-sg-core/system/product_image/image/738264/big_HARA_WIDE_PANTS_BLACK_PLAIN_1.jpg,2024-12-31
longpant baggy twill tina black,LEZAHRASIGNATURE,179850,"Jenis tipe celana panjang yang dapat sangat kamu andalkan
baik untuk digunakan untuk kegiatan sehari2, ngantor/meeting atau acara hangout.",- Celana panjang baggy,XXL /9115.JO,Black,Buy Now,https://www.hijup.com/en/pants/92925-longpant-baggy-twill-tina-black,https://storage.googleapis.com/hijup-production-sg-core/system/product_image/image/499865/big_HJP_BLK4.jpg,2024-12-31
longpant baggy twill tina abu muda,LEZAHRASIGNATURE,179850,"Jenis tipe celana panjang yang dapat sangat kamu andalkan
baik untuk digunakan untuk kegiatan sehari2, ngantor/meeting atau acara hangout.",- Celana panjang baggy,XXL /9115.JO,Abu Muda,Buy Now,https://www.hijup.com/en/pants/92928-longpant-baggy-twill-tina-abu-muda,https://storage.googleapis.com/hijup-production-sg-core/system/product_image/image/499882/big_HJP_LGRY2.jpg,2024-12-31
